permno,disfacshr,disdeclaredt,disexdt,event_id,m0,n_months,cut_data_end,cut_stop,stop_tau,full12,bhar_ok,bhar_mkt,cap0_mil,decile,bhar_dec,bench_dec,bench_mkt
10395,1.0,2016-12-06,2017-01-23,10395_20161206_20170123,24204,12,False,False,,True,True,-0.37135214791415616,1637.1093999999998,4,-0.2936406357905994,0.16278598725129756,0.24049749937485432
10443,1.0,2024-03-06,2024-04-15,10443_20240306_20240415,24291,12,False,False,,True,True,-0.237793600688066,575.89,2,-0.13089192139234418,0.008002523586253751,0.11490420288197556
10649,1.0,2021-07-13,2021-08-17,10649_20210713_20210817,24259,12,False,False,,True,True,0.8425759976226559,400.47644,1,0.9343822317338312,-0.23520955275370958,-0.1434033186425343
10649,1.0,2022-03-08,2022-03-30,10649_20220308_20220330,24266,12,False,False,,True,True,-0.08479145700453283,773.70875,2,-0.0184032136876654,-0.15771070321006686,-0.09132245989319943
10696,1.0,2018-02-21,2018-03-20,10696_20180221_20180320,24218,12,False,False,,True,True,0.1602768914307473,29308.41,9,0.17981465290241516,0.05816231854725484,0.0777000800189227
10892,2.0,2015-03-17,2015-05-19,10892_20150317_20150519,24184,12,False,False,,True,True,0.4645792174426786,697.32222,3,0.5049643954875778,-0.056328132582493584,-0.015942954537594423
11552,1.0,2014-02-12,2014-06-26,11552_20140212_20140626,24173,12,False,False,,True,True,0.29872229563651165,68635.296,10,0.2746362516957539,0.07300274678741703,0.04891670284665928
11618,1.0,2019-04-18,2019-05-23,11618_20190418_20190523,24232,12,False,False,,True,True,0.28831579683406394,17516.7517,9,0.31798372086035753,0.06693695729049698,0.09660488131679057
11618,1.0,2025-04-23,2025-05-22,11618_20250423_20250522,24304,7,True,False,,False,False,,47440.5438,9,,,
11995,9.0,2025-03-04,2025-05-27,11995_20250304_20250527,24304,7,True,False,,False,False,,8842.9545,7,,,
12487,1.0,2021-03-10,2021-04-01,12487_20210310_20210401,24255,12,False,False,,True,True,0.33932428596771014,54.8912,1,0.4973005070951233,-0.20258154431052744,-0.044605323183114276
12872,1.0,2015-04-29,2015-06-11,12872_20150429_20150611,24185,12,False,False,,True,True,-0.2581112391758055,28418.662940000002,10,-0.28850886233116635,0.03675001888693785,0.006352395731576976
13447,4.0,2025-12-05,2025-12-18,13447_20251205_20251218,24311,0,True,False,,False,False,,159071.11729,10,,,
13511,2.0,2022-08-19,2022-09-14,13511_20220819_20220914,24272,12,False,False,,True,True,0.2419087006060361,49201.697049999995,10,0.18711187643684912,0.2442389667851499,0.18944214261596293
13511,1.0,2024-11-19,2024-12-16,13511_20241119_20241216,24299,12,False,False,,True,True,-0.16348070936998638,119811.01612,10,-0.1828967601200453,0.1952078138739448,0.1757917631238859
13528,1.0,2021-06-25,2021-07-15,13528_20210625_20210715,24258,12,False,False,,True,True,-0.03109692997782787,294.03012,1,0.10377582105531624,-0.22176567564430405,-0.08689292461115994
13553,1.0,2014-03-12,2014-04-14,13553_20140312_20140414,24171,12,False,False,,True,True,0.2849215237192273,4109.232,6,0.27412561929963597,0.12112629772892758,0.11033039330933625
13554,1.0,2014-03-12,2014-04-14,13554_20140312_20140414,24171,12,False,False,,True,True,0.32529188198820513,169.75451999999999,1,0.39872313047529584,0.036899144822245544,0.11033039330933625
14166,3.0,2024-09-23,2024-10-11,14166_20240923_20241011,24297,12,False,True,11.0,True,True,-0.16643510669104478,1488.0834,3,-0.08867246089027292,0.13072136891878672,0.20848401471955857
14472,2.0,2021-02-26,2021-03-15,14472_20210226_20210315,24254,12,False,False,,True,True,-0.17403097262814693,5449.84368,6,-0.013925711212244285,-0.06008953621349544,0.1000157252024072
14532,1.0,2022-05-05,2022-06-07,14532_20220505_20220607,24269,12,False,False,,True,True,0.04656726636901731,754.005,3,0.08302743564758397,0.1390280761934919,0.17548824547205855
14542,19.0,2022-01-27,2022-07-18,14542_20220127_20220718,24270,12,False,False,,True,True,0.024688988456967875,718852.32,10,-0.008535176102049125,0.14974195005752988,0.11651778549851288
14593,6.0,2014-04-23,2014-06-09,14593_20140423_20140609,24173,12,False,False,,True,True,0.3243455642050257,556573.66103,10,0.30025952026426794,0.07300274678741703,0.04891670284665928
14593,3.0,2020-07-30,2020-08-31,14593_20200730_20200831,24247,12,False,False,,True,True,-0.13653916545668476,2206911.24544,10,-0.10354200941845759,0.28772139452408996,0.32071855056231713
14670,2.0,2014-06-18,2014-07-17,14670_20140618_20140717,24174,12,False,False,,True,True,0.3028661889969744,697.6743100000001,3,0.2249127007459466,0.16204289887371726,0.08408941062268949
14670,1.0,2016-11-16,2016-12-21,14670_20161116_20161221,24203,12,False,False,,True,True,-0.09264307805953953,1970.72928,5,-0.03512444696704531,0.1493600364747063,0.20687866756720052
14714,3.0,2021-10-30,2021-11-18,14714_20211030_20211118,24262,12,False,False,,True,True,0.24101361341093397,38121.65304,9,0.16675578068581864,-0.04391100920333968,-0.118168841928455
14714,3.0,2024-11-07,2024-12-04,14714_20241107_20241204,24299,12,False,False,,True,True,0.00967786414781946,139241.2728,10,-0.009738186602239463,0.1952078138739448,0.1757917631238859
14793,1.0,2014-10-15,2014-11-17,14793_20141015_20141117,24178,12,False,False,,True,True,0.21486568670229889,119.4455,1,0.2253812338360781,-0.008202747338323713,0.0023127997954555113
14813,1.0,2014-11-25,2014-12-23,14813_20141125_20141223,24179,12,False,False,,True,True,-0.7935271592716001,116.12022,1,-0.7187998720834333,-0.09117613988264872,-0.01644885269448193
14830,1.0,2017-05-22,2017-06-19,14830_20170522_20170619,24209,12,False,False,,True,True,-0.5864443022134631,247.69,1,-0.6439855207939365,0.1962135864330199,0.13867236785254655
14932,1.0,2019-10-07,2019-11-12,14932_20191007_20191112,24238,12,False,False,,True,True,-0.35496471198288304,168.63,1,-0.4410362168569383,0.2747598841566148,0.18868837928255955
15064,1.0,2016-12-27,2017-01-19,15064_20161227_20170119,24204,12,False,False,,True,True,0.10088595488237728,474.44,2,0.14851936763815088,0.19286408661908072,0.24049749937485432
15539,1.0212,2019-10-11,2019-10-17,15539_20191011_20191017,24237,12,False,False,,True,True,-0.33323545873083016,221.7072,1,-0.30407707901807357,0.06538452805172801,0.0945429077644846
15664,1.0,2018-06-04,2018-06-21,15664_20180604_20180621,24221,12,False,False,,True,True,-0.7091132962398503,96.16769000000001,1,-0.48307304336079837,-0.1452572148910014,0.08078303798805053
16309,9.0,2021-05-08,2021-06-17,16309_20210508_20210617,24257,12,False,False,,True,True,-0.30580659222309603,33565.88512,9,-0.33722429307013424,-0.12127965098167814,-0.15269735182871635
16673,1.0,2022-05-19,2022-06-09,16673_20220519_20220609,24269,12,False,False,,True,True,-0.04677760417417365,1384.41114,4,-0.01647816715210948,0.14518880844999438,0.17548824547205855
16678,1.0,2015-06-25,2015-07-14,16678_20150625_20150714,24186,12,False,False,,True,True,-0.15139342968726088,38118.67776,10,-0.16400157383327618,0.0453357312413214,0.0327275870953061
16703,1.0,2017-08-18,2017-09-21,16703_20170818_20170921,24212,12,False,False,,True,True,0.021776198227373422,337.78215,1,0.048885438911807855,0.13033518376858644,0.15744442445302087
17045,2.0,2022-02-17,2022-03-24,17045_20220217_20220324,24266,12,False,False,,True,True,-0.3431875100726278,1117.98415,3,-0.3397380519601648,-0.09477191800566243,-0.09132245989319943
17117,1.0,2023-02-28,2023-03-21,17117_20230228_20230321,24278,12,False,False,,True,True,-0.44319696563297983,140.83020000000002,1,-0.27150064128650964,0.09740698540548798,0.2691033097519582
17812,1.0,2021-01-15,2021-02-16,17812_20210115_20210216,24253,12,False,False,,True,True,-0.6562247811331722,8448.80256,7,-0.5652454319894228,0.008781314215921432,0.09976066335967082
20081,1.5,2021-03-12,2021-03-26,20081_20210312_20210326,24254,12,False,False,,True,True,-0.08663743190902817,408.37608,1,0.1517405594129171,-0.13836226611953806,0.1000157252024072
20336,1.0,2024-02-21,2024-03-21,20336_20240221_20240321,24290,12,False,False,,True,True,-0.23332841935590243,180.05884,1,-0.03666394907144799,-0.12564444541876707,0.07102002486568737
20391,2.0,2024-02-29,2024-03-27,20391_20240229_20240327,24290,12,False,False,,True,True,1.2640525985051354,13308.62255,8,1.3343574977721737,0.0007151255986490579,0.07102002486568737
20391,2.0,2025-11-05,2025-12-23,20391_20251105_20251223,24311,0,True,False,,False,False,,19800.37236,8,,,
20598,1.0,2014-10-03,2014-11-03,20598_20141003_20141103,24178,12,False,False,,True,True,0.35039263000778265,1825.21416,5,0.3363511696656134,0.016354260137624754,0.0023127997954555113
21103,1.0,2022-06-09,2022-06-15,21103_20220609_20220615,24269,12,False,False,,True,True,-0.9268843764674993,45.2691,1,-0.7664698110678975,0.015073680072456686,0.17548824547205855
21861,1.0,2024-12-19,2025-01-13,21861_20241219_20250113,24300,11,True,False,,False,False,,293.6245,1,,,
22509,1.0,2015-04-16,2015-06-15,22509_20150416_20150615,24185,12,False,False,,True,True,-0.08534996556727392,31294.92768,10,-0.1157475887226348,0.03675001888693785,0.006352395731576976
23393,1.0,2016-08-04,2016-09-02,23393_20160804_20160902,24200,12,False,False,,True,True,-0.1541917356749094,12344.04824,9,-0.1485572784482312,0.17541989554227233,0.18105435276895054
23431,3.0,2025-05-05,2025-07-31,23431_20250505_20250731,24306,5,True,False,,False,False,,23.35,1,,,
23660,3.0,2024-05-02,2024-09-12,23660_20240502_20240912,24296,12,False,False,,True,True,-0.17128892617371916,83031.19812,10,-0.20374474941338616,0.20832026649842406,0.17586444325875705
24010,1.0,2024-10-30,2024-12-13,24010_20241030_20241213,24299,12,False,False,,True,True,0.07752881469317696,32512.829120000002,9,0.14181165851370636,0.11150891930335649,0.1757917631238859
24072,6.0,2025-05-07,2025-05-21,24072_20250507_20250521,24304,7,True,False,,False,False,,253.35219,1,,,
24100,5.0,2025-03-10,2025-03-31,24100_20250310_20250331,24302,9,True,False,,False,False,,1173.76938,3,,,
24205,3.0,2020-09-14,2020-10-27,24205_20200914_20201027,24249,12,False,False,,True,True,-0.2352446369323551,143423.80753999998,10,-0.2323347343036164,0.4210625085265476,0.4239724111552863
24263,1.0,2025-02-05,2025-02-07,24263_20250205_20250207,24301,10,True,False,,False,False,,281.70768,1,,,
26614,1.0,2015-03-04,2015-05-08,26614_20150304_20150508,24184,12,False,False,,True,True,0.15816960979688588,1806.58023,4,0.22955648838941,-0.08732983313011855,-0.015942954537594423
28804,1.0,2014-06-12,2014-07-10,28804_20140612_20140710,24174,12,False,False,,True,True,0.6579005191619511,6043.14886,7,0.6479664811665575,0.0940234486180831,0.08408941062268949
29938,1.0,2016-08-09,2016-08-19,29938_20160809_20160819,24199,12,False,False,,True,True,-0.07034956261584413,8748.25094,8,-0.07365844825046253,0.16040927129403704,0.15710038565941864
29946,1.0,2016-08-09,2016-08-19,29946_20160809_20160819,24199,12,False,False,,True,True,-0.05230697574387211,10799.02505,8,-0.055615861378490505,0.16040927129403704,0.15710038565941864
31668,1.0,2018-07-24,2018-08-23,31668_20180724_20180823,24223,12,False,False,,True,True,-0.5027060792336213,98.28,1,-0.2626131338521198,-0.2320701104988443,0.008022834882657204
32870,1.0,2015-11-25,2016-02-10,32870_20151125_20160210,24193,12,False,False,,True,True,-0.4177871861590595,22464.70707,9,-0.45383387478994164,0.2966400136665388,0.2605933250356567
36468,2.0,2021-02-02,2021-04-01,36468_20210202_20210401,24255,12,False,False,,True,True,0.05630867488432556,73295.00649,10,0.03346706394716359,-0.021763712245952305,-0.044605323183114276
38659,1.0,2014-12-05,2015-01-02,38659_20141205_20150102,24180,12,False,False,,True,True,-0.11602890708243685,4927.68912,7,-0.08769224205934367,-0.07503266306156853,-0.04669599803847535
39571,2.0,2017-12-08,2017-12-28,39571_20171208_20171228,24215,12,False,False,,True,True,-0.0009515284828849335,7614.5958,7,0.04009630535292974,-0.10351741263293046,-0.06246957879711579
40539,1.0,2018-09-17,2018-11-07,40539_20180917_20181107,24226,12,False,False,,True,True,0.12766424101068607,60453.29165,10,0.1078193953625779,0.16460277501395293,0.14475792936584475
41241,1.0,2021-01-28,2021-03-02,41241_20210128_20210302,24254,12,False,False,,True,True,0.2884239235218762,702.9144,2,0.44507399377951085,-0.056634345055227464,0.1000157252024072
47861,1.0,2014-12-30,2015-02-05,47861_20141230_20150205,24181,12,False,False,,True,True,0.08214199483713969,249.56,1,0.17618327952343427,-0.19064523870937855,-0.09660395402308397
48486,9.0,2024-09-27,2024-10-03,48486_20240927_20241003,24297,12,False,False,,True,True,0.9313794572076393,95665.02975,10,0.8871509661462451,0.2527125057809527,0.20848401471955857
48725,1.0,2014-05-15,2014-06-09,48725_20140515_20140609,24173,12,False,False,,True,True,-0.07464677036196177,90421.1805,10,-0.09873281430271952,0.07300274678741703,0.04891670284665928
48961,1.0,2023-08-31,2023-09-01,48961_20230831_20230901,24284,12,False,False,,True,True,0.1468508526927763,1217.97,3,0.28719290225140126,0.19396534352510675,0.3343073930837317
52090,1.0,2020-09-28,2020-12-01,52090_20200928_20201201,24251,12,False,False,,True,True,-0.2032514755682373,23775.337600000003,9,-0.23141917273578305,0.25817398240695133,0.23000628523940558
53110,1.0,2016-08-29,2016-09-16,53110_20160829_20160916,24200,12,False,False,,True,True,0.29905339463343794,975.04047,3,0.24193877408096864,0.23816897332141984,0.18105435276895054
55001,1.0,2014-05-05,2014-06-20,55001_20140505_20140620,24173,12,False,False,,True,True,-0.43721748292536267,6772.927519999999,8,-0.5173511955239755,0.12905041544527207,0.04891670284665928
55976,2.0,2024-01-30,2024-02-26,55976_20240130_20240226,24289,12,False,False,,True,True,0.5320873413401193,471974.13912,10,0.490964007713679,0.21154947831274273,0.17042614468630246
55993,1.0,2021-12-06,2022-01-05,55993_20211206_20220105,24264,12,False,False,,True,True,0.4760529708217569,763.24248,2,0.43334396736991143,-0.039893299541640004,-0.08260230299348548
57568,1.0,2017-04-26,2017-05-17,57568_20170426_20170517,24208,12,False,False,,True,True,-0.23101568153504293,14362.2804,9,-0.1913171502103056,0.10402903493746507,0.1437275662622024
57665,1.0,2015-11-20,2015-12-24,57665_20151120_20151224,24191,12,False,False,,True,True,-0.3040988794494278,84750.0,10,-0.28756475224750366,0.11049638674656115,0.1270305139484853
57904,1.0,2018-02-13,2018-03-19,57904_20180213_20180319,24218,12,False,False,,True,True,0.09096849585649625,34105.05615999999,10,0.06447154168545444,0.10419703418996451,0.0777000800189227
58819,1.0,2016-04-21,2016-05-20,58819_20160421_20160520,24196,12,False,False,,True,True,-0.016261757809708177,8414.98125,8,-0.028641935654416306,0.1840681632807981,0.17168798543608998
59185,1.0,2024-10-09,2025-01-06,59185_20241009_20250106,24300,11,True,False,,False,False,,433.6464,2,,,
60580,1.0,2016-08-18,2016-09-19,60580_20160818_20160919,24200,12,False,False,,True,True,0.15885529482493044,5120.22092,7,0.1336915583637972,0.20621808923008378,0.18105435276895054
62148,2.0,2021-06-03,2021-06-29,62148_20210603_20210629,24257,12,False,False,,True,True,0.06899641465056816,72324.23168000001,10,0.049430594574795705,-0.1331315317529439,-0.15269735182871635
63467,1.0,2018-02-26,2018-03-29,63467_20180226_20180329,24218,12,False,False,,True,True,0.09506388494502471,7025.1287999999995,7,0.1172065744742139,0.055557390489733516,0.0777000800189227
64450,1.0,2015-01-21,2015-03-04,64450_20150121_20150304,24182,12,False,False,,True,True,0.2340495229465004,2653.1452000000004,5,0.3051222948921528,-0.09396960603862015,-0.02289683409296772
65294,1.0,2013-11-14,2014-01-16,65294_20131114_20140116,24168,12,False,False,,True,True,0.1095451839197441,1790.63012,4,0.18107866318000632,0.036946711967404955,0.10848019122766717
65294,1.0,2024-11-07,2025-01-16,65294_20241107_20250116,24300,11,True,False,,False,False,,6722.01405,6,,,
65541,3.0,2024-02-15,2024-02-20,65541_20240215_20240220,24289,12,False,False,,True,True,-0.20482614776647534,18603.5616,8,-0.1409792038419525,0.10657920076177962,0.17042614468630246
65700,4.0,2024-05-02,2024-07-15,65700_20240502_20240715,24294,12,False,False,,True,True,0.0168326907687113,2431.9197000000004,4,0.18098203388571876,-0.007614040927321208,0.15653530218968625
68830,2.0,2022-06-21,2022-08-08,68830_20220621_20220808,24271,12,False,False,,True,True,0.16865004116740723,541.2185999999999,2,0.38579821731464903,-0.0824938068580976,0.1346543692891442
68830,1.0,2025-08-26,2025-09-16,68830_20250826_20250916,24308,3,True,False,,False,False,,1012.23596,3,,,
75342,1.0,2024-11-25,2025-01-03,75342_20241125_20250103,24300,11,True,False,,False,False,,5634.59533,6,,,
75470,2.0,2014-05-30,2014-06-27,75470_20140530_20140627,24173,12,False,False,,True,True,0.30783774571950717,4736.79536,7,0.3239070934228676,0.03284735514329884,0.04891670284665928
75654,1.0,2017-10-30,2017-12-04,75654_20171030_20171204,24215,12,False,False,,True,True,-0.3028120731196815,10611.688119999999,8,-0.28600327708803264,-0.07927837482876465,-0.06246957879711579
75694,3.0,2022-11-01,2022-11-30,75694_20221101_20221130,24274,12,False,False,,True,True,-0.36846996421033673,13340.71032,8,-0.2540915238199529,-0.00252647636465797,0.11185196402572584
75825,1.0,2014-02-24,2014-04-01,75825_20140224_20140401,24171,12,False,False,,True,True,-0.09391611854077908,53533.088,10,-0.1054870092585074,0.12190128402706457,0.11033039330933625
75905,1.0,2015-04-07,2015-05-04,75905_20150407_20150504,24184,12,False,False,,True,True,-0.29604920798083567,2557.5627999999997,5,-0.2422054133057313,-0.06978674921269878,-0.015942954537594423
75976,1.0,2021-05-12,2021-06-07,75976_20210512_20210607,24257,12,False,False,,True,True,-0.3240615681204325,4948.24108,6,-0.24782261407058903,-0.22893630587855984,-0.15269735182871635
76261,1.0,2015-05-28,2015-06-05,76261_20150528_20150605,24185,12,False,False,,True,True,0.31570631257464665,1163.47396,3,0.38902627860960115,-0.06696757030337752,0.006352395731576976
76261,1.0,2018-05-31,2018-06-08,76261_20180531_20180608,24221,12,False,False,,True,True,0.14427406867911485,2513.4354,5,0.2664161236745878,-0.041359017007422394,0.08078303798805053
76529,3.0,2025-08-21,2025-09-23,76529_20250821_20250923,24308,3,True,False,,False,False,,478.49106,2,,,
76573,1.0,2014-02-21,2014-03-31,76573_20140221_20140331,24170,12,False,False,,True,True,0.11399655365784356,1700.0131399999998,4,0.1339777980161676,0.08224376578754855,0.1022250101458726
76573,1.0,2023-09-26,2023-10-23,76573_20230926_20231023,24285,12,False,False,,True,True,0.8415642221535407,4280.8392,6,0.8535217649322293,0.3511032171210511,0.36306075989973974
76709,1.0,2015-05-06,2015-06-16,76709_20150506_20150616,24185,12,False,False,,True,True,0.4414223519955385,5941.67304,7,0.4747573540678375,-0.026982606340722026,0.006352395731576976
76721,2.0,2024-12-17,2024-12-26,76721_20241217_20241226,24299,12,False,False,,True,True,-0.5675819630441096,5715.09242,6,-0.4899350746470147,0.09814487472679101,0.1757917631238859
76839,1.0,2021-02-05,2021-02-22,76839_20210205_20210222,24253,12,False,False,,True,True,-0.11893998455494104,4446.678,6,0.04330653508671367,-0.06248585628198389,0.09976066335967082
77037,1.0,2024-02-16,2024-03-28,77037_20240216_20240328,24290,12,False,False,,True,True,-0.3123498435343345,47721.63669,9,-0.2565177037019647,0.015187885033317583,0.07102002486568737
77191,4.0,2024-07-31,2024-09-09,77191_20240731_20240909,24296,12,False,False,,True,True,-0.4631722437635485,12625.533720000001,8,-0.3680444872519658,0.08073668674717438,0.17586444325875705
77236,1.0,2014-09-11,2014-10-09,77236_20140911_20141009,24177,12,False,False,,True,True,-0.12032040117861276,338.78767999999997,2,-0.08546302648387527,-0.013785437726650973,0.021071936968086513
77488,1.0,2019-06-03,2019-07-01,77488_20190603_20190701,24234,12,False,False,,True,True,-0.3231278558097598,102.68310000000001,1,-0.24702547597113533,0.02281410927847194,0.09891648911709638
77702,1.0,2015-03-18,2015-04-09,77702_20150318_20150409,24183,12,False,False,,True,True,0.16833756643953446,74394.79,10,0.1346865805258468,0.013700747996833629,-0.01995023791685402
78987,1.0,2021-08-25,2021-10-13,78987_20210825_20211013,24261,12,False,False,,True,True,0.022990074922611736,41110.39239,9,-0.03643799835418349,-0.11798441929907477,-0.17741249257587
79007,1.0,2021-06-21,2021-07-20,79007_20210621_20210720,24258,12,False,False,,True,True,-0.2586261511328416,951.6206,2,-0.20802046958283815,-0.13749860616116338,-0.08689292461115994
79026,2.0,2018-10-30,2019-01-28,79026_20181030_20190128,24228,12,False,False,,True,True,0.3898682432652707,3705.3223199999998,6,0.4354158500759735,0.1413068890394551,0.1868544958501579
79026,1.0,2023-04-25,2023-05-22,79026_20230425_20230522,24280,12,False,False,,True,True,-0.30273439735519947,10168.571759999999,8,-0.2730278234009864,0.22963680338358494,0.259343377337798
79072,1.0,2017-05-25,2017-08-01,79072_20170525_20170801,24211,12,False,False,,True,True,0.10077075826170034,1604.4336,4,-0.010070912683200817,0.2952977264697265,0.18445605552482536
79103,14.0,2025-03-13,2025-06-10,79103_20250313_20250610,24305,6,True,False,,False,False,,76661.06293,10,,,
79249,3.0,2024-06-03,2024-06-24,79249_20240603_20240624,24293,12,False,False,,True,True,0.12633174942053382,850.3487299999999,3,0.22788151797169043,0.054706154600068224,0.15625592315122483
79382,1.0,2018-06-22,2018-07-13,79382_20180622_20180713,24222,12,False,False,,True,True,-0.14505194112416286,656.09616,2,0.04192363513242692,-0.12680272230028755,0.06017285395630223
79571,2.0,2018-08-28,2018-10-05,79571_20180828_20181005,24225,12,False,False,,True,True,0.13810862874580687,988.9032,3,0.24382990605768695,0.021004348456483024,0.1267256257683631
79686,5.0,2024-07-09,2024-09-17,79686_20240709_20240917,24296,12,False,False,,True,True,-0.5401172628973953,24310.22535,9,-0.48990144406005054,0.12564862442141234,0.17586444325875705
79824,1.0,2014-04-22,2014-06-03,79824_20140422_20140603,24173,12,False,False,,True,True,0.07683747000488172,1992.55966,4,0.0716142786865075,0.05413989416503351,0.04891670284665928
79824,1.0,2019-04-23,2019-06-04,79824_20190423_20190604,24233,12,False,False,,True,True,-0.10051780061116178,4152.9552,6,0.030551949429997394,-0.0772898600073958,0.05377989003376338
79864,1.0,2016-05-03,2016-08-04,79864_20160503_20160804,24199,12,False,False,,True,True,0.4381583240317104,355.36217999999997,2,0.40639964791200134,0.1888590617791277,0.15710038565941864
79878,2.0,2017-10-17,2017-11-15,79878_20171017_20171115,24214,12,False,False,,True,True,-0.32821852370868765,2390.95296,5,-0.2922361952283632,0.006648116955740857,0.04263044543606531
80079,1.0,2014-07-17,2014-09-18,80079_20140717_20140918,24176,12,False,False,,True,True,0.6048149579152073,3395.80032,6,0.5748525563786162,0.0009409224026124541,-0.029021479133978678
80167,1.0,2014-11-25,2014-12-30,80167_20141125_20141230,24179,12,False,False,,True,True,-0.29064277542856953,5929.02564,7,-0.28024785770966154,-0.026843770413389922,-0.01644885269448193
80286,4.0,2024-12-05,2024-12-20,80286_20241205_20241220,24299,12,False,False,,True,True,-0.21721375000775034,28238.05446,9,-0.15293090618722094,0.11150891930335649,0.1757917631238859
80320,1.0,2017-03-24,2017-04-11,80320_20170324_20170411,24207,12,False,False,,True,True,0.5281671143899929,7117.227900000001,8,0.4910076582657077,0.1620663362836785,0.12490688015939333
80320,1.0,2022-11-02,2022-11-04,80320_20221102_20221104,24274,12,False,False,,True,True,0.3971663394120044,31702.528,9,0.4935509166930303,0.01546738674469994,0.11185196402572584
80320,1.0,2023-08-04,2023-08-22,80320_20230804_20230822,24283,12,False,False,,True,True,-0.06347857882634877,42807.2704,10,-0.1150525788229293,0.29641429090084337,0.24484029090426285
80361,1.0,2014-07-28,2014-08-28,80361_20140728_20140828,24175,12,False,True,12.0,True,True,0.22157005233395177,7038.2372000000005,8,0.15154618352401283,0.0496642219553185,-0.02035964685462044
80478,1.0,2015-01-02,2015-02-02,80478_20150102_20150202,24181,12,False,False,,True,True,0.360652479501851,140.38327999999998,1,0.45469376418814555,-0.19064523870937855,-0.09660395402308397
80969,1.0,2024-12-04,2025-01-02,80969_20241204_20250102,24300,11,True,False,,False,False,,600.17089,2,,,
81282,2.0,2014-06-27,2014-07-11,81282_20140627_20140711,24174,12,False,False,,True,True,0.17898847243193194,2137.8592000000003,5,0.15879427961903958,0.10428360343558185,0.08408941062268949
82179,1.0,2016-12-23,2017-01-04,82179_20161223_20170104,24204,12,False,False,,True,True,0.021426900395827175,3118.0656,6,0.049901481655850066,0.21202291811483143,0.24049749937485432
82581,1.0,2017-08-16,2017-09-15,82581_20170816_20170915,24212,12,False,False,,True,True,-0.1203741556883493,12868.57647,8,-0.15460733935847237,0.19167760812314394,0.15744442445302087
82831,1.0,2015-05-05,2015-06-08,82831_20150505_20150608,24185,12,False,False,,True,True,-0.6461081528550809,2579.81032,5,-0.5678450225272937,-0.07191073459621034,0.006352395731576976
83011,1.0,2024-06-12,2024-07-09,83011_20240612_20240709,24294,12,False,False,,True,True,0.07144174130918612,19894.32288,8,0.14286622599831933,0.08511081750055305,0.15653530218968625
83186,1.0,2017-05-09,2017-06-09,83186_20170509_20170609,24209,12,False,True,11.0,True,True,0.2748724214362379,3810.7771000000002,6,0.27177586144190125,0.14176892784688322,0.13867236785254655
83272,1.0,2024-01-04,2024-01-29,83272_20240104_20240129,24288,12,False,False,,True,True,-0.25547748203810405,2816.416,5,-0.2080287143224142,0.20426402027948676,0.2517127879951766
83779,1.0,2014-03-10,2014-04-02,83779_20140310_20140402,24171,12,False,False,,True,True,0.19703892935044554,1263.24709,4,0.20736358377631192,0.10000573888346986,0.11033039330933625
83779,1.0,2025-02-12,2025-06-23,83779_20250212_20250623,24305,6,True,False,,False,False,,9261.75126,7,,,
84234,1.0,2017-02-02,2017-04-03,84234_20170202_20170403,24207,12,False,False,,True,True,-0.00420809820052237,1008.9,3,-0.027063184961827247,0.1477619669206982,0.12490688015939333
84234,1.0,2021-11-09,2021-12-14,84234_20211109_20211214,24263,12,False,False,,True,True,0.017083835758020194,1452.9280800000001,3,-0.0189574408313673,-0.15921541010006568,-0.19525668668945317
84385,1.0,2017-11-17,2017-12-19,84385_20171117_20171219,24215,12,False,False,,True,True,0.7045497441301879,2390.6921,5,0.7601557500681475,-0.1180755847350754,-0.06246957879711579
84563,1.0,2017-05-03,2017-05-30,84563_20170503_20170530,24208,12,False,False,,True,True,-0.276590429802297,3508.13404,6,-0.31141484352741844,0.17855197998732386,0.1437275662622024
84769,1.0,2014-08-12,2014-10-10,84769_20140812_20141010,24177,12,False,False,,True,True,0.0610584071336302,15901.643880000001,9,0.05306739928803905,0.02906294481367766,0.021071936968086513
84769,1.0,2021-01-26,2021-03-05,84769_20210126_20210305,24254,12,False,False,,True,True,0.052730371913312535,39526.12340999999,9,0.0289527925160451,0.12379330459967464,0.1000157252024072
84769,1.0,2024-05-20,2024-06-12,84769_20240520_20240612,24293,12,False,False,,True,True,0.3230165846879398,80925.38295999999,10,0.3154872988490498,0.16378520899011484,0.15625592315122483
84788,19.0,2022-05-27,2022-06-06,84788_20220527_20220606,24269,12,False,False,,True,True,0.05189276877695059,1081536.43,10,0.010092281024142391,0.21728873322486675,0.17548824547205855
85198,1.0,2014-05-20,2014-06-24,85198_20140520_20140624,24173,12,False,False,,True,True,0.33928307167828886,2664.6938999999998,5,0.3267362535225653,0.06146352100238284,0.04891670284665928
85319,1.0,2014-10-08,2014-11-04,85319_20141008_20141104,24178,12,False,False,,True,True,0.08600392645123045,3720.823,6,0.0831478734256339,0.005168852821052061,0.0023127997954555113
85710,1.0,2020-07-29,2020-08-19,85710_20200729_20200819,24247,12,False,False,,True,True,0.6316890152499468,3345.5507799999996,6,0.5237277957490905,0.4286797700631735,0.32071855056231713
85757,4.0,2021-12-17,2022-01-10,85757_20211217_20220110,24264,12,False,False,,True,True,-0.6520583429863822,133.16652,1,-0.6609168635324716,-0.07374378244739599,-0.08260230299348548
85863,1.0,2014-07-18,2014-09-29,85863_20140718_20140929,24176,12,False,False,,True,True,0.6904959523198826,2506.28166,5,0.6767910188366166,-0.01531654565071272,-0.029021479133978678
85992,3.0,2013-12-19,2014-01-13,85992_20131219_20140113,24168,12,False,False,,True,True,0.21535809347278456,2577.75912,5,0.2881387859620985,0.03569949873835321,0.10848019122766717
86136,1.0,2023-08-02,2023-08-22,86136_20230802_20230822,24283,12,False,False,,True,True,-0.03417904561288032,44189.93754,10,-0.08575304560946084,0.29641429090084337,0.24484029090426285
86158,1.0,2014-02-04,2014-03-10,86158_20140204_20140310,24170,12,False,False,,True,True,0.1307750743061129,30787.317,10,0.1177287696006939,0.1152713148512916,0.1022250101458726
86211,9.0,2024-07-10,2024-08-08,86211_20240710_20240808,24295,12,False,False,,True,True,1.3660894533743129,23131.125600000003,9,1.3837840154534327,0.1415891822835893,0.1592837443627091
86288,9.0,2021-06-07,2021-06-28,86288_20210607_20210628,24257,12,False,False,,True,True,-0.11788912117585482,32710.1731,9,-0.14930682202289303,-0.12127965098167814,-0.15269735182871635
86312,1.0,2022-06-23,2022-07-01,86312_20220623_20220701,24270,12,False,False,,True,True,0.10064245746735945,134.31444,1,0.1964499184581896,0.02071032450768273,0.11651778549851288
86580,3.0,2021-05-21,2021-07-20,86580_20210521_20210720,24258,12,False,False,,True,True,0.01901581858206114,487475.0,10,0.006442088215868891,-0.07431919424496769,-0.08689292461115994
86580,9.0,2024-05-22,2024-06-10,86580_20240522_20240610,24293,12,False,False,,True,True,0.12299436156508903,3035234.4935999997,10,0.11546507572619902,0.16378520899011484,0.15625592315122483
86810,1.0,2014-02-24,2014-05-08,86810_20140224_20140508,24172,12,False,False,,True,True,0.5375680910532423,1038.39054,3,0.48523128902050616,0.15178491773037495,0.09944811569763878
86810,1.0,2018-05-07,2018-06-19,86810_20180507_20180619,24221,12,False,False,,True,True,0.06476835310380014,3684.42294,6,0.08138566370548905,0.06416572738636162,0.08078303798805053
86810,1.0,2020-07-30,2020-09-15,86810_20200730_20200915,24248,12,False,False,,True,True,0.1130775709524765,8288.1296,8,0.038899520763827855,0.3847010260068038,0.31052297581815513
86946,1.0,2015-07-28,2015-09-01,86946_20150728_20150901,24188,12,False,False,,True,True,-0.042241787829351285,63266.30127,10,-0.04391825330624566,0.14535783915566514,0.14368137367877076
86949,2.0,2015-08-21,2015-10-16,86949_20150821_20151016,24189,12,False,False,,True,True,-0.3680176736317119,3919.1256000000003,7,-0.35006258390201983,0.024101076078498762,0.042056165808190826
87069,1.0,2016-02-16,2016-03-16,87069_20160216_20160316,24194,12,False,False,,True,True,0.17564415683351475,148.88818,1,0.07812728835871141,0.277484170939003,0.17996730246419967
87069,1.0,2023-02-21,2023-03-24,87069_20230221_20230324,24278,12,False,False,,True,True,0.015294502739330751,386.17235999999997,2,0.1476400872519612,0.13675772523932772,0.2691033097519582
87476,1.0,2018-10-19,2018-11-28,87476_20181019_20181128,24226,12,False,False,,True,True,-0.06753455123032226,595.5255,2,0.0604687119315277,0.016754666203994795,0.14475792936584475
87657,1.0,2015-11-20,2015-12-14,87657_20151120_20151214,24191,12,False,False,,True,True,0.05934301983623835,17036.7758,9,0.018777268837166572,0.16759626494755708,0.1270305139484853
87657,2.0,2020-05-07,2020-06-01,87657_20200507_20200601,24245,12,False,False,,True,True,0.0654846328042078,42824.97904,10,0.08693105861445316,0.41168177007832063,0.433128195888566
88031,2.0,2016-10-14,2016-11-10,88031_20161014_20161110,24202,12,False,False,,True,True,0.18583553075564363,25551.13125,9,0.20220434877482396,0.19824056531802592,0.21460938333720625
88031,1.0,2023-02-28,2023-03-28,88031_20230228_20230328,24278,12,False,False,,True,True,-0.17153072957168192,56527.73016,10,-0.23827040544041167,0.33584298562068793,0.2691033097519582
88352,2.0,2017-09-22,2017-10-06,88352_20170922_20171006,24213,12,False,False,,True,True,0.33699725043240103,42058.33728,10,0.2963557398475405,0.09213109349313875,0.05148958290827821
88352,2.0,2021-09-23,2021-10-05,88352_20210923_20211005,24261,12,False,False,,True,True,-0.14009218240068955,129008.99781,10,-0.1448581544082127,-0.17264652056834684,-0.17741249257587
88742,1.0,2015-10-19,2016-01-05,88742_20151019_20160105,24192,12,False,False,,True,True,-0.023491134705509342,1113.97848,4,-0.1394355064957511,0.3375399274947679,0.22159555570452616
88873,1.0,2015-10-19,2015-11-03,88873_20151019_20151103,24190,12,False,False,,True,True,-0.11357476971150815,9202.2814,8,-0.14360697442227743,0.11171669980880328,0.081684495098034
89155,1.0,2020-09-28,2020-12-01,89155_20200928_20201201,24251,12,False,False,,True,True,-0.21588453306865563,1732.3973899999999,4,-0.1674241529839069,0.18154590515465685,0.23000628523940558
89269,1.0,2015-02-03,2015-02-20,89269_20150203_20150220,24181,12,False,False,,True,True,0.023383894901723656,7302.6772,8,0.05541956026597905,-0.12863961938733937,-0.09660395402308397
89269,1.0,2018-12-13,2019-02-07,89269_20181213_20190207,24229,12,False,False,,True,True,-0.18881975046600963,25157.9213,9,-0.15326089014673294,0.024014918565209875,0.05957377888448656
89301,3.0,2022-07-06,2022-07-22,89301_20220706_20220722,24270,12,False,False,,True,True,-0.4637696720723773,10356.58916,8,-0.39154342984585344,0.04429154327198903,0.11651778549851288
89393,6.0,2015-06-23,2015-07-15,89393_20150623_20150715,24186,12,False,False,,True,True,-0.23445766690597458,48696.63155,10,-0.24706581105198988,0.0453357312413214,0.0327275870953061
89393,9.0,2025-10-30,2025-11-17,89393_20251030_20251117,24310,1,True,False,,False,False,,455850.88560000004,10,,,
89525,1.0,2017-01-27,2017-02-21,89525_20170127_20170221,24205,12,False,False,,True,True,-0.17058361052796644,177098.15787999998,10,-0.2146660601060132,0.19809518795139547,0.15401273837334872
89971,3.0,2020-10-28,2020-11-24,89971_20201028_20201124,24250,12,False,False,,True,True,0.4707622225351664,5198.05726,6,0.5292639935232579,0.18519218957040118,0.24369396055849268
90312,1.0,2014-02-18,2014-03-19,90312_20140218_20140319,24170,12,False,False,,True,True,-0.006126420868900029,8824.044119999999,8,-0.08960800190484242,0.18570659118181498,0.1022250101458726
90319,19.0,2021-12-27,2022-07-18,90319_20211227_20220718,24270,12,False,False,,True,True,0.02447763151219995,697454.72,10,-0.008746533046817051,0.14974195005752988,0.11651778549851288
90400,1.0,2014-02-13,2014-03-17,90400_20140213_20140317,24170,12,False,True,12.0,True,True,-0.7067531372269832,534.13764,2,-0.6160158686725549,0.011487741591444278,0.1022250101458726
90601,2.0,2022-07-20,2022-08-29,90601_20220720_20220829,24271,12,False,False,,True,True,-0.2405234982762916,29242.68378,9,-0.18513656612020224,0.07926743713305484,0.1346543692891442
90634,3.0,2015-10-26,2015-11-18,90634_20151026_20151118,24190,12,False,False,,True,True,0.09804534112812413,1261.4894,4,0.05614030621790733,0.12358953000825079,0.081684495098034
90664,3.0,2022-06-10,2022-06-13,90664_20220610_20220613,24269,12,False,False,,True,True,0.5487808457672816,29260.478,9,0.5527466914955019,0.1715223997438382,0.17548824547205855
90786,2.0,2014-02-06,2014-03-03,90786_20140206_20140303,24170,12,False,False,,True,True,-0.08317606266474908,5885.090099999999,7,-0.06667778848976558,0.08572673597088909,0.1022250101458726
90829,4.0,2015-05-15,2015-06-18,90829_20150515_20150618,24185,12,False,False,,True,True,-0.6192149224560959,15127.9766,9,-0.6341551170974198,0.021292590372900877,0.006352395731576976
90949,1.0,2015-08-07,2015-08-31,90949_20150807_20150831,24187,12,False,False,,True,True,-0.06544204016193245,193.95220999999998,1,0.017868655459234883,0.018354061183947223,0.10166475680511455
90979,1.0,2014-03-17,2014-04-15,90979_20140317_20140415,24171,12,False,False,,True,True,0.4758991014098055,8486.61954,8,0.399439956579682,0.18678953813945975,0.11033039330933625
90993,4.0,2016-10-12,2016-11-04,90993_20161012_20161104,24202,12,False,False,,True,True,0.09103972496849022,33000.4504,10,0.05775019773026857,0.2478989105754279,0.21460938333720625
91018,1.0,2014-05-20,2014-06-27,91018_20140520_20140627,24173,12,False,False,,True,True,0.2613061276753552,1052.2278000000001,3,0.20357191107496986,0.10665091944704463,0.04891670284665928
91018,1.0,2016-05-25,2016-06-28,91018_20160525_20160628,24197,12,False,False,,True,True,-0.4671904213496836,2167.9779,5,-0.5223305857792195,0.23473367368757914,0.17959350925804318
91068,49.0,2024-03-19,2024-06-26,91068_20240319_20240626,24293,12,False,False,,True,True,-0.2600040118132728,86040.3775,10,-0.2675332976521628,0.16378520899011484,0.15625592315122483
91141,1.0,2015-08-03,2015-09-16,91141_20150803_20150916,24188,12,False,False,,True,True,0.7725490850539212,6951.98,8,0.7687684328659037,0.14746202586678825,0.14368137367877076
91233,9.0,2013-12-10,2014-01-22,91233_20131210_20140122,24168,12,False,False,,True,True,-0.017633421726040543,87638.19679999999,10,-0.03988439587439507,0.1307311653760217,0.10848019122766717
91356,1.0,2016-04-21,2016-06-09,91356_20160421_20160609,24197,12,False,False,,True,True,0.09719932459808711,2778.15978,6,0.06324007382181929,0.213552760034311,0.17959350925804318
91416,3.0,2015-01-28,2015-03-04,91416_20150128_20150304,24182,12,False,False,,True,True,-0.11936299817486251,13431.00906,9,-0.11386717844857552,-0.02839265381925471,-0.02289683409296772
91500,4.0,2023-06-20,2023-08-02,91500_20230620_20230802,24283,12,False,False,,True,True,0.005246791417353069,4843.995599999999,6,0.04111646905531563,0.2089706132663003,0.24484029090426285
91556,1.0,2015-06-06,2015-06-12,91556_20150606_20150612,24185,12,False,False,,True,True,0.171004725914232,19996.11238,9,0.1560645312729081,0.021292590372900877,0.006352395731576976
91603,1.0,2015-12-15,2016-02-03,91603_20151215_20160203,24193,12,False,False,,True,True,-0.29645884265134625,4297.0875,7,-0.33865164304677353,0.30278612543108396,0.2605933250356567
91836,1.0,2021-03-05,2021-04-08,91836_20210305_20210408,24255,12,False,False,,True,True,-0.032833280733337133,361.82524,1,0.12514294039407603,-0.20258154431052744,-0.044605323183114276
91854,1.0,2014-04-30,2014-06-18,91854_20140430_20140618,24173,12,False,False,,True,True,-0.04533096536243675,2749.0846,5,-0.05787778351816031,0.06146352100238284,0.04891670284665928
91855,1.0,2018-01-18,2018-02-09,91855_20180118_20180209,24217,12,False,False,,True,True,-0.08141510642848926,2622.8908500000002,5,-0.09160743083805334,0.054040014050428464,0.043847689640864385
91907,9.0,2024-09-26,2024-10-01,91907_20240926_20241001,24297,12,False,False,,True,True,0.5764597439675607,17203.922670000004,8,0.6785168917471889,0.10642686693993042,0.20848401471955857
91954,1.5,2014-04-14,2014-05-02,91954_20140414_20140502,24172,12,False,False,,True,True,-0.6439571420434697,185.90276,1,-0.6054152985396403,0.060906272193809396,0.09944811569763878
91983,1.0,2014-08-18,2014-09-11,91983_20140818_20140911,24176,12,False,False,,True,True,-0.5352100987701005,24745.1856,9,-0.5583930079603594,-0.005838569943719785,-0.029021479133978678
92043,3.0,2025-04-14,2025-06-18,92043_20250414_20250618,24305,6,True,False,,False,False,,24455.868420000003,9,,,
92044,1.0,2013-12-11,2014-01-08,92044_20131211_20140108,24168,12,False,False,,True,True,-0.03698874600378543,2670.74342,5,0.035791946485528525,0.03569949873835321,0.10848019122766717
92432,1.0,2015-12-09,2015-12-24,92432_20151209_20151224,24191,12,False,False,,True,True,-0.13810622560878627,1172.12085,4,-0.20652682786630783,0.19545111620600686,0.1270305139484853
92557,2.0,2014-01-17,2014-02-12,92557_20140117_20140212,24169,12,False,False,,True,True,-0.7394717511805552,105.63683999999999,1,-0.5952828474991941,-0.025541923636506425,0.11864698004485463
92611,3.0,2015-01-30,2015-03-19,92611_20150130_20150319,24182,12,False,False,,True,True,0.20043495031967307,128455.29768,10,0.1537538036422177,0.023784312584487655,-0.02289683409296772
92778,1.0,2014-05-16,2014-08-07,92778_20140516_20140807,24175,12,False,False,,True,True,-0.38946257897459524,12616.8514,9,-0.41187301279720745,0.002050786967991769,-0.02035964685462044
92797,1.0,2018-07-25,2018-08-27,92797_20180725_20180827,24223,12,False,False,,True,True,-0.4508798199489028,115.0275,1,-0.2107868745674013,-0.2320701104988443,0.008022834882657204
92809,2.0,2021-08-16,2021-09-16,92809_20210816_20210916,24260,12,False,False,,True,True,0.029858264428331838,199.24295999999998,1,0.131084879280139,-0.2884609291587019,-0.18723431430689474
93002,9.0,2024-06-11,2024-07-15,93002_20240611_20240715,24294,12,False,False,,True,True,0.6918038271679201,747946.1183999999,10,0.6607961064018497,0.18754302295575664,0.15653530218968625
93132,4.0,2022-06-09,2022-06-23,93132_20220609_20220623,24269,12,False,False,,True,True,0.1605021049723132,44607.672,10,0.118701617219505,0.21728873322486675,0.17548824547205855
93263,2.0,2023-11-02,2023-11-15,93263_20231102_20231115,24286,12,False,False,,True,True,-0.754637400879931,11470.22925,8,-0.7605800660525142,0.33520977052182466,0.32926710534924153
93312,1.0,2016-05-25,2016-06-27,93312_20160525_20160627,24197,12,False,False,,True,True,0.19845223614996899,5623.75008,7,0.17877181060668423,0.19927393480132793,0.17959350925804318
93356,1.0,2019-07-25,2019-08-23,93356_20190725_20190823,24235,12,False,False,,True,True,0.3819207480330933,1816.8119199999999,4,0.5016380466241102,0.07889123014390353,0.1986085287349204
93436,4.0,2020-08-10,2020-08-31,93436_20200810_20200831,24247,12,False,False,,True,True,0.15568493381236803,464339.06088,10,0.1886820898505952,0.28772139452408996,0.32071855056231713
93436,2.0,2022-08-05,2022-08-25,93436_20220805_20220825,24271,12,False,False,,True,True,-0.19825712103220183,863615.6667000001,10,-0.24928162459880154,0.18567887285574391,0.1346543692891442
