,vs. market,vs. size decile,Difference
N events,213,213,213
Mean (%),0.74,3.06,2.33
Median (%),1.53,3.35,1.03
p10 (%),-43.33,-36.44,-5.16
p25 (%),-21.59,-20.37,-3.00
p75 (%),18.58,20.36,7.11
p90 (%),44.08,48.31,12.17
Min (%),-92.69,-76.65,-11.59
Max (%),136.61,138.38,24.01
Share of BHAR > 0 (%),51.17,53.05,52.58
Std. dev. (%),35.68,34.96,7.13
Skewness (gamma-hat),0.41,0.52,0.82
Std. error of mean (%),2.44,2.40,0.49
t-statistic,0.30,1.28,4.76
"p-value (two-sided, t)",0.76,0.20,0.00
t_SA (skewness-adjusted),0.31,1.30,5.19
Min. mean BHAR significant at 5% (%),4.82,4.72,0.96
Mean BHAR detectable with 80% power (%),6.88,6.74,1.38
