mi,rp,n,rf,Mkt-RF,SMB,HML,Mom,Mkt-RF_5,SMB_5,HML_5,RMW_5,CMA_5,rf5,ex,rp_vw,ex_vw
24169,0.08166683637018561,4,0.0,0.0466,0.0036,-0.0034999999999999996,0.0216,0.046799999999999994,0.0013,-0.0034999999999999996,-0.0025,-0.0054,0.0,0.08166683637018561,0.03291668453935233,0.03291668453935233
24170,-0.06044391480593621,5,0.0,0.0043,-0.018600000000000002,0.049,-0.0327,0.0040999999999999995,-0.0113,0.049,0.0202,0.0192,0.0,-0.06044391480593621,-0.04050529965815891,-0.04050529965815891
24171,-0.06648421534740931,10,0.0,-0.0018,-0.0418,0.012199999999999999,-0.038900000000000004,-0.0019,-0.0407,0.012199999999999999,0.034,0.009300000000000001,0.0,-0.06648421534740931,-0.020600063228942905,-0.020600063228942905
24172,0.07506083659124935,15,0.0,0.020499999999999997,-0.018500000000000003,-0.001,0.0088,0.0204,-0.018600000000000002,-0.001,-0.0009,-0.0096,0.0,0.07506083659124935,0.05369995955345508,0.05369995955345508
24173,0.04741252915983732,17,0.0,0.026000000000000002,0.0305,-0.0070999999999999995,0.006500000000000001,0.026099999999999998,0.030600000000000002,-0.0070999999999999995,-0.0183,-0.0191,0.0,0.04741252915983732,0.027246163461626345,0.027246163461626345
24174,-0.03666096422520439,26,0.0,-0.0203,-0.0417,-0.0008,-0.002,-0.0203,-0.04190000000000001,-0.0008,0.009399999999999999,0.0051,0.0,-0.03666096422520439,0.012277506097092628,0.012277506097092628
24175,0.06896735690012336,29,0.0,0.0424,0.004,-0.0058,0.0084,0.0424,0.0029,-0.0058,-0.0064,-0.0069,0.0,0.06896735690012336,0.06401787868077692,0.06401787868077692
24176,-0.04152231167126141,31,0.0,-0.0196,-0.036000000000000004,-0.0147,0.0064,-0.0196,-0.0366,-0.0147,0.012,-0.0059,0.0,-0.04152231167126141,-0.020084210793352684,-0.020084210793352684
24177,0.04256917240172251,34,0.0,0.025099999999999997,0.04019999999999999,-0.0167,-0.0027,0.025099999999999997,0.0363,-0.0167,-0.0039000000000000003,0.0021,0.0,0.04256917240172251,0.06424094978158833,0.06424094978158833
24178,0.005410604853142492,36,0.0,0.0256,-0.020499999999999997,-0.0313,0.0069,0.0256,-0.023,-0.0313,0.015700000000000002,0.0014000000000000002,0.0,0.005410604853142492,0.06414315415786141,0.06414315415786141
24179,0.009447081879737449,39,0.0,-0.0005,0.0252,0.021099999999999997,0.0105,-0.0005,0.028300000000000002,0.021099999999999997,-0.0121,0.009000000000000001,0.0,0.009447081879737449,-0.04101864210913587,-0.04101864210913587
24180,-0.03896887175507155,41,0.0,-0.031,-0.0060999999999999995,-0.0348,0.037200000000000004,-0.030899999999999997,-0.0095,-0.0348,0.0158,-0.016399999999999998,0.0,-0.03896887175507155,0.03350378229281815,0.03350378229281815
24181,0.06664989410621783,38,0.0,0.0613,0.0064,-0.0175,-0.0287,0.061399999999999996,0.0039000000000000003,-0.0175,-0.011000000000000001,-0.0175,0.0,0.06664989410621783,0.08072977829408647,0.08072977829408647
24182,0.01056219981865196,39,0.0,-0.0111,0.030600000000000002,-0.0038,0.027200000000000002,-0.0109,0.0308,-0.0038,0.0007000000000000001,-0.0062,0.0,0.01056219981865196,-0.02819130906427506,-0.02819130906427506
24183,-0.005521587399445901,38,0.0,0.0059,-0.0298,0.0181,-0.0726,0.006,-0.03,0.0181,0.0005,-0.0062,0.0,-0.005521587399445901,-0.0008546314893571235,-0.0008546314893571235
24184,0.029107107039396576,34,0.0,0.0137,0.0096,-0.011000000000000001,0.0576,0.0138,0.0083,-0.011000000000000001,-0.0175,-0.0083,0.0,0.029107107039396576,0.037006281763577446,0.037006281763577446
24185,-4.094536110623972e-05,35,0.0,-0.0152,0.029500000000000002,-0.008,0.0301,-0.0154,0.0292,-0.008,0.0034999999999999996,-0.0154,0.0,-4.094536110623972e-05,-0.024933455706591105,-0.024933455706591105
24186,0.031701570621948914,33,0.0,0.015700000000000002,-0.0417,-0.0416,0.10039999999999999,0.015700000000000002,-0.0458,-0.0416,0.0031,-0.0245,0.0,0.031701570621948914,0.04914322674776636,0.04914322674776636
24187,-0.06370108429508076,31,0.0,-0.0602,0.0037,0.0275,-0.0215,-0.0602,0.0029,0.0275,0.0066,0.0128,0.0,-0.06370108429508076,-0.06370943023660125,-0.06370943023660125
24188,-0.031491297056630216,31,0.0,-0.030600000000000002,-0.0263,0.0055000000000000005,0.0526,-0.030600000000000002,-0.027999999999999997,0.0055000000000000005,0.018000000000000002,-0.0058,0.0,-0.031491297056630216,-0.027073276073802752,-0.027073276073802752
24189,0.04665060266628127,30,0.0,0.0775,-0.0191,-0.0046,-0.0329,0.0775,-0.0206,-0.0046,0.0095,0.0062,0.0,0.04665060266628127,0.08850970653422266,0.08850970653422266
24190,0.00903068182054419,29,0.0,0.005699999999999999,0.0358,-0.0043,0.023,0.005699999999999999,0.0329,-0.0043,-0.0265,-0.011000000000000001,0.0,0.00903068182054419,0.01369618506354037,0.01369618506354037
24191,-0.013995180915233052,28,0.0001,-0.0215,-0.027999999999999997,-0.025699999999999997,0.0333,-0.0215,-0.029500000000000002,-0.025699999999999997,0.0034000000000000002,0.0013,0.0001,-0.014095180915233051,-0.017383273290548944,-0.017483273290548943
24192,-0.06256265643700963,29,0.0001,-0.0574,-0.034,0.0208,0.0148,-0.0574,-0.0344,0.0208,0.0278,0.0305,0.0001,-0.06266265643700963,-0.03979191295209009,-0.039891912952090096
24193,0.01192900559171209,29,0.0002,-0.0006,0.0073,-0.0060999999999999995,-0.0436,-0.0007000000000000001,0.0087,-0.0060999999999999995,0.033,0.0197,0.0002,0.01172900559171209,-0.008583674186429097,-0.008783674186429098
24194,0.04966518029136059,28,0.0002,0.0695,0.0075,0.0123,-0.0504,0.0695,0.0101,0.0123,0.0068000000000000005,0.0006,0.0002,0.04946518029136059,0.03541840703480241,0.03521840703480241
24195,0.013047029414444071,26,0.0001,0.0092,0.0077,0.0322,-0.0599,0.0091,0.0123,0.0322,-0.0285,0.0174,0.0001,0.012947029414444072,-0.024747479955006545,-0.024847479955006545
24196,-0.010568503176475183,25,0.0001,0.0178,-0.0018,-0.016200000000000003,0.0139,0.0178,-0.0062,-0.016200000000000003,-0.011000000000000001,-0.0254,0.0001,-0.010668503176475183,-0.01648066933934115,-0.016580669339341148
24197,0.0012689105755090274,23,0.0002,-0.0003,0.006,-0.0149,0.0414,-0.0003,0.0042,-0.0149,0.014499999999999999,0.019,0.0002,0.0010689105755090273,0.014317824454898357,0.014117824454898356
24198,0.013166094317564811,19,0.0002,0.0394,0.024700000000000003,-0.0127,-0.0338,0.0394,0.024900000000000002,-0.0127,0.0134,-0.0118,0.0002,0.01296609431756481,-0.007821480169864791,-0.008021480169864792
24199,0.004348869176407912,17,0.0002,0.0049,0.011899999999999999,0.0317,-0.0346,0.0049,0.0168,0.0317,-0.0184,-0.0039000000000000003,0.0002,0.004148869176407912,0.0209979940883601,0.0207979940883601
24200,-0.007609854441803687,19,0.0002,0.0027,0.0209,-0.012199999999999999,0.0023,0.0027,0.0181,-0.012199999999999999,-0.0222,0.0002,0.0002,-0.007809854441803686,-0.03398511325686085,-0.03418511325686085
24201,-0.04166032401680723,20,0.0002,-0.020099999999999996,-0.0441,0.040999999999999995,0.0062,-0.020099999999999996,-0.0404,0.040999999999999995,0.0096,0.0028000000000000004,0.0002,-0.04186032401680723,-0.05057752976353565,-0.050777529763535646
24202,0.05449269660042013,19,0.0001,0.048600000000000004,0.055999999999999994,0.0832,-0.047400000000000005,0.048499999999999995,0.0697,0.0832,-0.0017000000000000001,0.037000000000000005,0.0001,0.05439269660042013,-0.03270042501014258,-0.03280042501014258
24203,0.033620040405619556,19,0.0003,0.0181,0.0013,0.035,-0.0026,0.0181,0.0044,0.035,0.0126,-0.0032,0.0003,0.033320040405619554,0.025178661206567136,0.024878661206567135
24204,0.0029235133044019056,17,0.0004,0.0194,-0.0116,-0.0274,-0.0092,0.0194,-0.0144,-0.0274,-0.005,-0.010700000000000001,0.0004,0.0025235133044019054,0.014856921948407167,0.014456921948407168
24205,0.021097356686703393,19,0.0004,0.0355,-0.0213,-0.0152,-0.015300000000000001,0.0355,-0.0229,-0.0152,0.0042,-0.0181,0.0004,0.020697356686703392,0.008929681444761361,0.008529681444761362
24206,-0.005094488184529521,18,0.0003,0.0017000000000000001,0.0113,-0.0333,-0.0096,0.0017000000000000001,0.0075,-0.0333,0.0064,-0.0096,0.0003,-0.005394488184529521,0.013470201206607992,0.013170201206607992
24207,0.028225273333515415,17,0.0005,0.0108,0.0068000000000000005,-0.0208,0.0051,0.0108,0.0042,-0.0208,0.0178,-0.0161,0.0005,0.027725273333515415,0.030541273047661122,0.030041273047661122
24208,0.026453752448143564,19,0.0006,0.010700000000000001,-0.025099999999999997,-0.0382,0.0149,0.010700000000000001,-0.029900000000000003,-0.0382,0.009899999999999999,-0.0167,0.0006,0.025853752448143565,0.05614855154840731,0.05554855154840731
24209,0.015904815808322106,20,0.0006,0.0079,0.0222,0.0151,-0.0011,0.0078000000000000005,0.0254,0.0151,-0.0227,0.0001,0.0006,0.015304815808322107,-0.02574116092977126,-0.02634116092977126
24210,0.02809017015203545,19,0.0007000000000000001,0.018799999999999997,-0.014499999999999999,-0.0023,0.016399999999999998,0.018799999999999997,-0.016399999999999998,-0.0023,-0.0075,-0.0015,0.0007000000000000001,0.027390170152035452,0.029679303758728817,0.028979303758728817
24211,-0.017048193401022687,19,0.0009,0.0018,-0.0167,-0.0213,0.0336,0.0018,-0.0183,-0.0213,0.002,-0.023799999999999998,0.0009,-0.01794819340102269,0.0010852777278026722,0.00018527772780267226
24212,0.03465594502566819,17,0.0009,0.024900000000000002,0.044500000000000005,0.0315,-0.0134,0.024900000000000002,0.047599999999999996,0.0315,-0.0154,0.016399999999999998,0.0009,0.03375594502566819,-0.02027602848089493,-0.02117602848089493
24213,0.001490999128020773,16,0.0009,0.0226,-0.019299999999999998,0.0013,0.0424,0.0225,-0.0191,0.0013,0.0092,-0.031400000000000004,0.0009,0.0005909991280207731,-0.03363669859329212,-0.03453669859329212
24214,0.013929037262914192,17,0.0008,0.031200000000000002,-0.006,-0.0009,-0.0091,0.031200000000000002,-0.0037,-0.0009,0.0319,-0.001,0.0008,0.013129037262914192,0.04512418938975761,0.04432418938975761
24215,-0.025175127938137153,16,0.0009,0.0106,-0.0132,0.0005,-0.015700000000000002,0.0106,-0.0105,0.0005,0.0073,0.0179,0.0009,-0.026075127938137155,0.02292471044394851,0.02202471044394851
24216,0.0500518049519903,18,0.0011,0.0558,-0.0316,-0.0132,0.0406,0.0558,-0.0321,-0.0132,-0.0075,-0.0105,0.0011,0.0489518049519903,0.07867112100191687,0.07757112100191686
24217,-0.045017135974227504,15,0.0011,-0.0364,0.0027,-0.011000000000000001,0.036000000000000004,-0.0364,0.0034000000000000002,-0.011000000000000001,0.0053,-0.0236,0.0011,-0.0461171359742275,-0.10252553137545832,-0.10362553137545832
24218,0.03479857342344341,15,0.0012,-0.0235,0.0405,-0.0021,-0.0121,-0.0235,0.0361,-0.0021,-0.0042,0.0008,0.0012,0.03359857342344341,-0.0028045899973834732,-0.004004589997383473
24219,0.03488483423270132,18,0.0014000000000000002,0.0027,0.0109,0.0053,0.0045000000000000005,0.0029,0.0089,0.0053,-0.0241,0.0124,0.0014000000000000002,0.03348483423270132,0.031599698105136166,0.030199698105136168
24220,0.005347975051531803,15,0.0014000000000000002,0.026600000000000002,0.0524,-0.031400000000000004,0.0391,0.0263,0.0471,-0.031400000000000004,-0.019799999999999998,-0.0149,0.0014000000000000002,0.0039479750515318025,0.010089016054751737,0.008689016054751737
24221,-0.003387793957825231,13,0.0014000000000000002,0.0049,0.0111,-0.0233,-0.0229,0.0049,0.0077,-0.0233,0.0083,0.002,0.0014000000000000002,-0.004787793957825231,0.008571054581754846,0.007171054581754845
24222,0.056926395748064205,15,0.0016,0.032,-0.0222,0.004699999999999999,-0.0143,0.032,-0.0191,0.004699999999999999,0.0154,0.0032,0.0016,0.05532639574806421,0.06357005779867614,0.06197005779867614
24223,0.05411388662412529,16,0.0016,0.0345,0.011699999999999999,-0.0393,0.0533,0.0346,0.0067,-0.0393,-0.0034000000000000002,-0.0254,0.0016,0.052513886624125296,0.05555972269294387,0.05395972269294387
24224,-0.04216464062886233,17,0.0015,0.0006,-0.0229,-0.0168,-0.001,0.0006,-0.024900000000000002,-0.0168,0.0064,0.0137,0.0015,-0.04366464062886233,0.017952023643215326,0.016452023643215324
24225,-0.07773361877059619,15,0.0019,-0.0765,-0.0467,0.034300000000000004,-0.02,-0.0764,-0.0436,0.034300000000000004,0.009399999999999999,0.0356,0.0019,-0.07963361877059619,-0.08991649688434915,-0.09181649688434915
24226,-0.03028895978610589,15,0.0018,0.0171,-0.0072,0.0034000000000000002,-0.014199999999999999,0.0171,-0.008100000000000001,0.0034000000000000002,-0.0062,0.0039000000000000003,0.0018,-0.03208895978610589,0.029105131113656167,0.027305131113656168
24227,-0.0882315304048801,16,0.0019,-0.0955,-0.0233,-0.018799999999999997,0.0175,-0.0955,-0.028300000000000002,-0.018799999999999997,-0.0004,0.0022,0.0019,-0.0901315304048801,-0.06285590439073488,-0.06475590439073488
24228,0.1395473377641924,13,0.0021,0.0837,0.0273,-0.004,-0.0864,0.0836,0.0288,-0.004,-0.0067,-0.0161,0.0021,0.1374473377641924,0.08979131584720088,0.08769131584720087
24229,0.032516543610025525,14,0.0018,0.0342,0.020499999999999997,-0.026600000000000002,0.0076,0.0342,0.0173,-0.026600000000000002,0.0015,-0.015,0.0018,0.030716543610025526,0.03841304352729906,0.036613043527299056
24230,-0.06624974531129209,14,0.0019,0.011000000000000001,-0.030600000000000002,-0.0416,0.0227,0.011000000000000001,-0.0354,-0.0416,0.009399999999999999,-0.0091,0.0019,-0.06814974531129209,0.0002237103566183175,-0.0016762896433816824
24231,0.06907471653386299,11,0.0021,0.0397,-0.0169,0.0213,-0.0291,0.0397,-0.0111,0.0213,0.015700000000000002,-0.0219,0.0021,0.06697471653386299,0.02538951759341863,0.02328951759341863
24232,-0.06120922434280071,11,0.0021,-0.0692,-0.012199999999999999,-0.0236,0.0756,-0.0692,-0.0151,-0.0236,-0.0051,0.0175,0.0021,-0.06330922434280072,-0.034528761562670714,-0.03662876156267071
24233,0.037695310549234765,12,0.0018,0.0699,0.001,-0.0072,-0.0226,0.0699,0.0019,-0.0072,0.0049,-0.0051,0.0018,0.03589531054923476,0.03209860757180731,0.03029860757180731
24234,0.04683617195322657,10,0.0019,0.0123,-0.0196,0.005,0.029300000000000003,0.012199999999999999,-0.0182,0.005,-0.0013,0.0037,0.0019,0.04493617195322657,0.013788442296275238,0.011888442296275238
24235,-0.035933358029060766,10,0.0016,-0.0255,-0.0239,-0.04769999999999999,0.0747,-0.0255,-0.0325,-0.04769999999999999,0.0053,-0.0062,0.0016,-0.037533358029060764,-0.01512668253164378,-0.01672668253164378
24236,0.025849594807735084,9,0.0018,0.0141,-0.0097,0.0676,-0.0674,0.014199999999999999,0.0029,0.0676,0.0182,0.0338,0.0018,0.024049594807735084,0.009259395284493639,0.007459395284493639
24237,0.06569097970613365,9,0.0015,0.0207,0.0027,-0.0192,0.0013,0.0207,0.0025,-0.0192,0.0043,-0.0103,0.0015,0.06419097970613365,0.07541041902257203,0.07391041902257203
24238,0.03753146001199056,9,0.0012,0.0387,0.0072,-0.02,-0.026099999999999998,0.0387,0.0039000000000000003,-0.02,-0.016399999999999998,-0.011399999999999999,0.0012,0.03633146001199056,0.06122421999812131,0.06002421999812131
24239,0.04407815120533105,8,0.0014000000000000002,0.0277,0.0076,0.0173,-0.022400000000000003,0.0276,0.009899999999999999,0.0173,0.0005,0.011899999999999999,0.0014000000000000002,0.04267815120533105,0.038275718551232525,0.03687571855123253
24240,-0.009608047941614416,8,0.0013,-0.0011,-0.031,-0.0622,0.0602,-0.0009,-0.0437,-0.0622,-0.011899999999999999,-0.0219,0.0013,-0.010908047941614415,-0.01617511022880358,-0.01747511022880358
24241,-0.1026139141791588,7,0.0012,-0.0815,0.0108,-0.0382,-0.0025,-0.0815,0.0008,-0.0382,-0.0143,-0.0253,0.0012,-0.1038139141791588,-0.10888326718005698,-0.11008326718005698
24242,-0.19435619322681372,6,0.0012,-0.13369999999999999,-0.046900000000000004,-0.1383,0.08199999999999999,-0.1335,-0.0818,-0.1383,-0.0161,0.011899999999999999,0.0012,-0.19555619322681372,-0.08848435520851348,-0.08968435520851349
24243,0.10821416761957141,6,0.0,0.136,0.025,-0.0134,-0.056100000000000004,0.1358,0.025699999999999997,-0.0134,0.0276,-0.0102,0.0,0.10821416761957141,0.14693881959770297,0.14693881959770297
24244,0.0692213428967411,6,0.0001,0.0557,0.024,-0.05,0.0015,0.0559,0.0192,-0.05,0.0096,-0.0316,0.0001,0.0691213428967411,0.13748249562280007,0.13738249562280008
24245,0.02987921178468725,5,0.0001,0.0245,0.026699999999999998,-0.0217,-0.0087,0.024399999999999998,0.0195,-0.0217,0.0014000000000000002,0.0055000000000000005,0.0001,0.02977921178468725,0.00234341936933663,0.0022434193693366303
24246,0.01386528221932804,5,0.0001,0.0583,-0.0235,-0.0144,0.077,0.0583,-0.0319,-0.0144,0.0038,0.0097,0.0001,0.01376528221932804,0.12551235555449078,0.1254123555544908
24247,0.056398692063230865,4,0.0001,0.0762,-0.002,-0.0302,0.0043,0.0762,-0.0089,-0.0302,0.042699999999999995,-0.0151,0.0001,0.05629869206323086,0.09277039259663926,0.09267039259663926
24248,-0.04940476083311107,6,0.0001,-0.0364,0.0006,-0.027200000000000002,0.0318,-0.0364,-0.0001,-0.027200000000000002,-0.0138,-0.019299999999999998,0.0001,-0.049504760833111075,-0.10798994423079682,-0.10808994423079682
24249,-0.014880665700961204,7,0.0001,-0.0208,0.0434,0.0425,-0.031,-0.0208,0.0467,0.0425,-0.0077,-0.005699999999999999,0.0001,-0.014980665700961203,-0.06647457083050769,-0.06657457083050769
24250,0.16046736089828956,7,0.0001,0.1245,0.0581,0.0209,-0.126,0.1244,0.0712,0.0209,-0.0225,0.0128,0.0001,0.16036736089828957,0.14771918177361917,0.14761918177361918
24251,0.11873779213806619,7,0.0001,0.0463,0.0501,-0.0168,-0.0226,0.0463,0.0493,-0.0168,-0.0197,-0.0006,0.0001,0.11863779213806619,0.13554215794638347,0.13544215794638348
24252,0.0016716730021397513,9,0.0,-0.0007000000000000001,0.07139999999999999,0.0322,0.0434,-0.0007000000000000001,0.0681,0.0322,-0.0365,0.049699999999999994,0.0,0.0016716730021397513,0.0231019520013521,0.0231019520013521
24253,-0.007823394881626795,9,0.0,0.0281,0.0202,0.07200000000000001,-0.0799,0.0281,0.045,0.07200000000000001,0.0033,-0.0199,0.0,-0.007823394881626795,-0.09368708391864104,-0.09368708391864104
24254,-0.005371993174376531,11,0.0,0.0317,-0.0233,0.0735,-0.061,0.0316,-0.0084,0.0735,0.0635,0.0352,0.0,-0.005371993174376531,0.003997982756643946,0.003997982756643946
24255,0.025532144934597403,15,0.0,0.0495,-0.0319,-0.0102,0.012199999999999999,0.049699999999999994,-0.0316,-0.0102,0.024300000000000002,-0.027200000000000002,0.0,0.025532144934597403,0.06983685098062488,0.06983685098062488
24256,-0.011858057519053012,18,0.0,0.003,-0.002,0.0704,0.005600000000000001,0.0029,0.0127,0.0704,0.023399999999999997,0.0301,0.0,-0.011858057519053012,-0.06106011108370485,-0.06106011108370485
24257,0.03473685548408385,18,0.0,0.0274,0.017,-0.0786,0.0207,0.0273,-0.003,-0.0786,-0.021400000000000002,-0.009300000000000001,0.0,0.03473685548408385,0.08618690505138338,0.08618690505138338
24258,0.03089353973221369,21,0.0,0.0134,-0.0393,-0.018000000000000002,-0.0218,0.0134,-0.0455,-0.018000000000000002,0.055,-0.0058,0.0,0.03089353973221369,0.05167124588715327,0.05167124588715327
24259,0.05232541727749321,24,0.0,0.0294,-0.0032,-0.0023,0.0263,0.029500000000000002,-0.0066,-0.0023,-0.0026,-0.0172,0.0,0.05232541727749321,0.06029787445681308,0.06029787445681308
24260,-0.030625517604298748,22,0.0,-0.044000000000000004,0.0066,0.0512,0.0143,-0.044000000000000004,0.011200000000000002,0.0512,-0.0192,0.02,0.0,-0.030625517604298748,-0.069667018163568,-0.069667018163568
24261,0.06713533627781164,22,0.0,0.0663,-0.0226,-0.0053,0.0331,0.0663,-0.027000000000000003,-0.0053,0.0171,-0.0154,0.0,0.06713533627781164,0.16880128448305468,0.16880128448305468
24262,0.012279296793338175,23,0.0,-0.0158,-0.0131,-0.0037,0.0096,-0.0158,-0.017,-0.0037,0.0719,0.017,0.0,0.012279296793338175,0.156875826587855,0.156875826587855
24263,0.037639680976068665,23,0.0001,0.0323,-0.0163,0.0325,-0.024,0.032400000000000005,-0.0078000000000000005,0.0325,0.048799999999999996,0.0429,0.0001,0.03753968097606866,-0.03458193094125242,-0.03468193094125242
24264,-0.10979686550226982,22,0.0,-0.0616,-0.0593,0.1286,-0.024300000000000002,-0.061500000000000006,-0.0401,0.1286,0.0077,0.07730000000000001,0.0,-0.10979686550226982,-0.16213161460416034,-0.16213161460416034
24265,-0.014915806241910216,24,0.0,-0.022799999999999997,0.0216,0.030600000000000002,0.016200000000000003,-0.022799999999999997,0.0286,0.030600000000000002,-0.0203,0.030299999999999997,0.0,-0.014915806241910216,-0.008809006625145357,-0.008809006625145357
24266,0.0013696741787584585,22,0.0,0.0308,-0.0155,-0.019,0.0292,0.0308,-0.021099999999999997,-0.019,-0.015,0.0321,0.0,0.0013696741787584585,0.07925979993897506,0.07925979993897506
24267,-0.10420992556642673,19,0.0,-0.0941,-0.013500000000000002,0.061799999999999994,0.049800000000000004,-0.0941,-0.0034999999999999996,0.061799999999999994,0.0341,0.0592,0.0,-0.10420992556642673,-0.23946307987183205,-0.23946307987183205
24268,-0.03302123420395764,16,0.0003,-0.0034000000000000002,-0.0184,0.08439999999999999,0.0252,-0.0033,-0.0003,0.08439999999999999,0.0155,0.0395,0.0003,-0.03332123420395764,-0.013678154433725626,-0.013978154433725626
24269,-0.058937052786070525,16,0.0006,-0.084,0.0207,-0.06,0.0106,-0.084,0.013300000000000001,-0.06,0.0176,-0.0458,0.0006,-0.05953705278607053,-0.1600948163748138,-0.16069481637481378
24270,0.0962599389674491,18,0.0008,0.09570000000000001,0.0286,-0.041299999999999996,-0.0441,0.09570000000000001,0.0181,-0.041299999999999996,0.008,-0.06849999999999999,0.0008,0.0954599389674491,0.23736960668213689,0.2365696066821369
24271,-0.02729098414583921,19,0.0019,-0.0377,0.0141,0.0018,0.0189,-0.0377,0.0149,0.0018,-0.047400000000000005,0.0134,0.0019,-0.02919098414583921,-0.0651086343823091,-0.0670086343823091
24272,-0.07592896471430627,22,0.0019,-0.0934,-0.0076,0.0003,0.0371,-0.0934,-0.0098,0.0003,-0.0134,-0.0076,0.0019,-0.07782896471430627,-0.09163346095299017,-0.09353346095299017
24273,0.07129333308598854,22,0.0023,0.0785,0.0001,0.0797,0.0394,0.0786,0.0182,0.0797,0.032799999999999996,0.0642,0.0023,0.06899333308598854,-0.05549760888556193,-0.05779760888556193
24274,0.005285794939107716,20,0.0029,0.04650000000000001,-0.035699999999999996,0.0148,-0.0171,0.046900000000000004,-0.0275,0.0148,0.0629,0.0316,0.0029,0.002385794939107716,-0.02591338101949595,-0.02881338101949595
24275,-0.10272349186669744,21,0.0033,-0.0638,-0.0076,0.0134,0.049400000000000006,-0.0638,-0.002,0.0134,0.0034999999999999996,0.0429,0.0033,-0.10602349186669743,-0.17373423515809294,-0.17703423515809294
24276,0.1262557434770106,20,0.0034999999999999996,0.0661,0.0501,-0.0394,-0.16210000000000002,0.066,0.044000000000000004,-0.0394,-0.024399999999999998,-0.0441,0.0034999999999999996,0.1227557434770106,0.19629529297119508,0.19279529297119508
24277,-0.013279327695546739,18,0.0034000000000000002,-0.025699999999999997,0.0105,-0.008,0.0052,-0.025699999999999997,0.0058,-0.008,0.009899999999999999,-0.015,0.0034000000000000002,-0.01667932769554674,-0.028019620208638477,-0.03141962020863848
24278,0.040303665898691075,18,0.0036,0.0248,-0.0548,-0.09050000000000001,-0.023799999999999998,0.024900000000000002,-0.0689,-0.09050000000000001,0.0227,-0.021,0.0036,0.036703665898691076,0.09441133361118918,0.09081133361118918
24279,-0.03926270831500672,19,0.0034999999999999996,0.0062,-0.0337,-0.0012,0.0175,0.0063,-0.025699999999999997,-0.0012,0.0241,0.0285,0.0034999999999999996,-0.042762708315006726,-0.02163845134656308,-0.02513845134656308
24280,0.07808681085791987,19,0.0036,0.0034000000000000002,0.016,-0.0779,-0.0088,0.0033,-0.0043,-0.0779,-0.0178,-0.0706,0.0036,0.07448681085791986,0.152168009671925,0.14856800967192502
24281,0.07289398458523468,20,0.004,0.0646,0.0149,-0.0013,-0.0271,0.0646,0.0127,-0.0013,0.0231,-0.0155,0.004,0.06889398458523467,0.07422064653930595,0.07022064653930594
24282,0.04013396482835012,14,0.0045000000000000005,0.0321,0.020499999999999997,0.0406,-0.039900000000000005,0.0321,0.0288,0.0406,-0.0060999999999999995,0.005,0.0045000000000000005,0.035633964828350115,0.06493517292998809,0.06043517292998808
24283,-0.008902332748620179,10,0.0045000000000000005,-0.0236,-0.0313,-0.0115,0.039,-0.0236,-0.0366,-0.0115,0.0333,-0.0222,0.0045000000000000005,-0.01340233274862018,-0.028201804676045023,-0.032701804676045026
24284,-0.08333832174379974,9,0.0043,-0.052300000000000006,-0.025,0.015,0.0025,-0.052300000000000006,-0.0176,0.015,0.018600000000000002,-0.0086,0.0043,-0.08763832174379974,-0.050921474669234,-0.055221474669234
24285,-0.016585996569970188,9,0.004699999999999999,-0.0315,-0.0387,0.0022,0.0169,-0.0315,-0.0403,0.0022,0.0242,-0.0072,0.004699999999999999,-0.021285996569970187,-0.01802387417426147,-0.022723874174261468
24286,0.09088632845551724,10,0.0044,0.0888,-0.0011,0.0166,0.0259,0.0888,-0.0018,0.0166,-0.037200000000000004,-0.012199999999999999,0.0044,0.08648632845551724,0.08951773745756544,0.08511773745756544
24287,0.09672352237326576,10,0.0043,0.048499999999999995,0.06280000000000001,0.0487,-0.055,0.048499999999999995,0.0725,0.0487,-0.0296,0.011899999999999999,0.0043,0.09242352237326576,0.037966270006718,0.033666270006718
24288,-0.049477353329851356,10,0.004699999999999999,0.0073,-0.0504,-0.023700000000000002,0.0546,0.0073,-0.056900000000000006,-0.023700000000000002,0.0066,-0.0101,0.004699999999999999,-0.05417735332985135,-0.040222241104106125,-0.04492224110410613
24289,0.06930614488440591,11,0.0042,0.0507,-0.0026,-0.034300000000000004,0.0501,0.0507,-0.0083,-0.034300000000000004,-0.0202,-0.022799999999999997,0.0042,0.06510614488440591,0.08763574457312454,0.08343574457312454
24290,0.03937770582321557,13,0.0043,0.028399999999999998,-0.025,0.0416,-0.0032,0.028399999999999998,-0.012,0.0416,0.013300000000000001,0.0104,0.0043,0.03507770582321557,0.03302665028078093,0.028726650280780933
24291,-0.07380374665028878,13,0.004699999999999999,-0.04650000000000001,-0.023799999999999998,-0.0045000000000000005,-0.0043,-0.04650000000000001,-0.0258,-0.0045000000000000005,0.0116,-0.0038,0.004699999999999999,-0.07850374665028878,-0.03350460435312166,-0.03820460435312166
24292,0.04953235016294168,14,0.0044,0.0433,0.0053,-0.013300000000000001,0.014499999999999999,0.0432,0.0058,-0.013300000000000001,0.032,-0.0298,0.0044,0.045132350162941676,0.08570136150498042,0.08130136150498042
24293,-0.019136742499561852,13,0.0040999999999999995,0.027999999999999997,-0.03,-0.0336,0.0086,0.027999999999999997,-0.0433,-0.0336,0.0055000000000000005,-0.0169,0.0040999999999999995,-0.02323674249956185,0.017409139522709324,0.013309139522709325
24294,0.04899719393645263,17,0.0045000000000000005,0.012199999999999999,0.0681,0.0557,-0.0236,0.012199999999999999,0.0833,0.0557,0.0026,0.0027,0.0045000000000000005,0.04449719393645263,-0.03937566547680938,-0.04387566547680938
24295,0.0032173879148611724,20,0.0048,0.016,-0.0349,-0.0113,0.048600000000000004,0.0161,-0.035699999999999996,-0.0113,0.0075,0.0079,0.0048,-0.0015826120851388271,0.03107971248069149,0.02627971248069149
24296,0.03648651274824574,18,0.004,0.0172,-0.0013,-0.0273,-0.006,0.0173,-0.0091,-0.0273,0.0019,-0.0025,0.004,0.03248651274824574,0.02973703732717132,0.02573703732717132
24297,0.04021145727769131,20,0.0039000000000000003,-0.01,-0.0095,0.0091,0.0298,-0.01,-0.0086,0.0091,-0.0149,0.0102,0.0039000000000000003,0.03631145727769131,0.06017719838547917,0.05627719838547917
24298,0.13571397155631246,22,0.004,0.0649,0.0449,0.0038,0.008100000000000001,0.0649,0.0463,0.0038,-0.0227,-0.019299999999999998,0.004,0.13171397155631245,0.049124043358762616,0.04512404335876262
24299,-0.05785081141352986,21,0.0037,-0.0317,-0.027000000000000003,-0.0297,-0.003,-0.0316,-0.0382,-0.0297,0.018799999999999997,-0.012,0.0037,-0.06155081141352986,0.026720888816500858,0.023020888816500856
24300,0.02744339146236057,26,0.0037,0.027999999999999997,-0.02,0.0176,0.0101,0.027999999999999997,-0.0123,0.0176,-0.0235,-0.0322,0.0037,0.02374339146236057,-0.04877215865482197,-0.05247215865482197
24301,-0.03622350576392919,30,0.0033,-0.024399999999999998,-0.057699999999999994,0.0484,-0.0086,-0.024300000000000002,-0.048799999999999996,0.0484,0.010700000000000001,0.030899999999999997,0.0033,-0.039523505763929184,-0.006419645710548989,-0.00971964571054899
24302,-0.059008327567927406,29,0.0034000000000000002,-0.0639,-0.027200000000000002,0.0287,-0.0264,-0.0639,-0.0147,0.0287,0.0209,-0.0046,0.0034000000000000002,-0.062408327567927406,-0.12463289825410998,-0.12803289825410996
24303,0.038596476329880634,27,0.0034999999999999996,-0.0084,-0.005699999999999999,-0.0329,0.0501,-0.0084,-0.0183,-0.0329,-0.028300000000000002,-0.0259,0.0034999999999999996,0.03509647632988064,0.042991533221305445,0.03949153322130544
24304,0.11557376683827106,26,0.0038,0.060599999999999994,0.0060999999999999995,-0.0281,0.0225,0.060599999999999994,-0.0077,-0.0281,0.0129,0.0248,0.0038,0.11177376683827106,0.21018077347188913,0.20638077347188913
24305,0.08209195862407571,29,0.0034000000000000002,0.048600000000000004,0.0070999999999999995,-0.0143,-0.0265,0.048600000000000004,-0.0008,-0.0143,-0.0319,0.0138,0.0034000000000000002,0.07869195862407571,0.1504279332626183,0.14702793326261832
24306,0.010477076074011191,28,0.0034000000000000002,0.019799999999999998,0.003,-0.0134,-0.009399999999999999,0.019799999999999998,-0.0012,-0.0134,-0.0025,-0.02,0.0034000000000000002,0.007077076074011191,0.052572733324465354,0.049172733324465354
24307,0.002338930150370311,26,0.0038,0.0184,0.038,0.0437,-0.0361,0.0184,0.0482,0.0437,-0.0069,0.0197,0.0038,-0.0014610698496296888,0.012384057883729465,0.008584057883729465
24308,0.013431899545593705,24,0.0033,0.0339,-0.0183,-0.0105,0.0462,0.0339,-0.0217,-0.0105,-0.020099999999999996,-0.0227,0.0033,0.010131899545593705,0.07782782680113429,0.07452782680113429
24309,-0.04210973441962544,23,0.0037,0.0196,-0.005699999999999999,-0.0318,0.0016,0.0196,-0.013500000000000002,-0.0318,-0.0525,-0.0407,0.0037,-0.04580973441962544,0.04833901301892331,0.044639013018923306
24310,-0.02272506550193955,21,0.003,-0.0013,0.004,0.037599999999999995,-0.0172,-0.0013,0.0148,0.037599999999999995,0.0143,0.0064,0.003,-0.02572506550193955,-0.07866439017369628,-0.08166439017369628
24311,-0.06359619073774131,22,0.0034000000000000002,-0.0036,-0.0104,0.024,-0.024,-0.0036,-0.002,0.024,0.0032,0.004,0.0034000000000000002,-0.06699619073774131,-0.0748285855269578,-0.0782285855269578
