,(1) No factors,(2) CAPM,(3) FF3,(4) FF3+Mom,(5) FF5
alpha (% per month),0.796**,-0.325,-0.121,-0.124,-0.114
alpha t (NW),[2.27],[-1.52],[-0.51],[-0.53],[-0.48]
alpha t (OLS),(1.70),(-1.29),(-0.53),(-0.54),(-0.49)
Mkt-RF,,1.102***,1.003***,1.005***,0.988***
Mkt-RF t (NW),,[23.20],[26.66],[22.42],[24.37]
SMB,,,0.505***,0.507***,0.456***
SMB t (NW),,,[7.86],[7.93],[6.65]
HML,,,-0.091,-0.088,-0.114
HML t (NW),,,[-1.10],[-0.96],[-0.99]
Mom,,,,0.009,
Mom t (NW),,,,[0.11],
RMW,,,,,-0.045
RMW t (NW),,,,,[-0.33]
CMA,,,,,-0.151
CMA t (NW),,,,,[-0.92]
N months,143,143,143,143,143
R-squared,0.000,0.729,0.785,0.785,0.784
"SE alpha, OLS (%)",0.470,0.252,0.229,0.231,0.232
"SE alpha, Newey-West (%)",0.351,0.213,0.235,0.235,0.235
